{"parent":"_iainternal:item/player_model/parent_cube","display":{"thirdperson_righthand":{"translation":[7.3999999999999995,-11.1,21.5],"scale":[1.06,1.01,1.1099999999999999],"rotation":[90,0,0]}}}