{"parent":"_iainternal:item/player_model/parent_cube","display":{"thirdperson_righthand":{"translation":[7.8999999999999995,-11.2,13.9],"scale":[1.06,0.9800000000000001,1.15],"rotation":[90,0,0]}}}